{"IcoMoonType":"selection","icons":[{"icon":{"paths":["M854 682v-512h-684v598l86-86h598zM854 86q34 0 59 25t25 59v512q0 34-25 60t-59 26h-598l-170 170v-768q0-34 25-59t59-25h684z"],"attrs":[{}],"isMulticolor":false,"isMulticolor2":false,"tags":["chat_bubble_outline"],"grid":24},"attrs":[{}],"properties":{"order":4,"id":0,"name":"chat_bubble_outline","prevSize":24,"code":59648},"setIdx":0,"setId":3,"iconIdx":0},{"icon":{"paths":["M658.286 475.429c0-141.143-114.857-256-256-256s-256 114.857-256 256 114.857 256 256 256 256-114.857 256-256zM950.857 950.857c0 40-33.143 73.143-73.143 73.143-19.429 0-38.286-8-51.429-21.714l-196-195.429c-66.857 46.286-146.857 70.857-228 70.857-222.286 0-402.286-180-402.286-402.286s180-402.286 402.286-402.286 402.286 180 402.286 402.286c0 81.143-24.571 161.143-70.857 228l196 196c13.143 13.143 21.143 32 21.143 51.429z"],"width":950.8571428571428,"attrs":[],"isMulticolor":false,"isMulticolor2":false,"tags":["search"],"defaultCode":61442,"grid":14},"attrs":[],"properties":{"name":"search","id":6,"order":8,"prevSize":28,"code":61442},"setIdx":1,"setId":2,"iconIdx":6},{"icon":{"paths":["M548 6.857v150.857h-89.714c-70.286 0-83.429 33.714-83.429 82.286v108h167.429l-22.286 169.143h-145.143v433.714h-174.857v-433.714h-145.714v-169.143h145.714v-124.571c0-144.571 88.571-223.429 217.714-223.429 61.714 0 114.857 4.571 130.286 6.857z"],"width":602.2582857142856,"attrs":[],"isMulticolor":false,"isMulticolor2":false,"tags":["facebook","facebook-f"],"defaultCode":61594,"grid":14},"attrs":[],"properties":{"name":"facebook, facebook-f","id":146,"order":5,"prevSize":28,"code":61594},"setIdx":1,"setId":2,"iconIdx":145},{"icon":{"paths":["M585.143 512c0-80.571-65.714-146.286-146.286-146.286s-146.286 65.714-146.286 146.286 65.714 146.286 146.286 146.286 146.286-65.714 146.286-146.286zM664 512c0 124.571-100.571 225.143-225.143 225.143s-225.143-100.571-225.143-225.143 100.571-225.143 225.143-225.143 225.143 100.571 225.143 225.143zM725.714 277.714c0 29.143-23.429 52.571-52.571 52.571s-52.571-23.429-52.571-52.571 23.429-52.571 52.571-52.571 52.571 23.429 52.571 52.571zM438.857 152c-64 0-201.143-5.143-258.857 17.714-20 8-34.857 17.714-50.286 33.143s-25.143 30.286-33.143 50.286c-22.857 57.714-17.714 194.857-17.714 258.857s-5.143 201.143 17.714 258.857c8 20 17.714 34.857 33.143 50.286s30.286 25.143 50.286 33.143c57.714 22.857 194.857 17.714 258.857 17.714s201.143 5.143 258.857-17.714c20-8 34.857-17.714 50.286-33.143s25.143-30.286 33.143-50.286c22.857-57.714 17.714-194.857 17.714-258.857s5.143-201.143-17.714-258.857c-8-20-17.714-34.857-33.143-50.286s-30.286-25.143-50.286-33.143c-57.714-22.857-194.857-17.714-258.857-17.714zM877.714 512c0 60.571 0.571 120.571-2.857 181.143-3.429 70.286-19.429 132.571-70.857 184s-113.714 67.429-184 70.857c-60.571 3.429-120.571 2.857-181.143 2.857s-120.571 0.571-181.143-2.857c-70.286-3.429-132.571-19.429-184-70.857s-67.429-113.714-70.857-184c-3.429-60.571-2.857-120.571-2.857-181.143s-0.571-120.571 2.857-181.143c3.429-70.286 19.429-132.571 70.857-184s113.714-67.429 184-70.857c60.571-3.429 120.571-2.857 181.143-2.857s120.571-0.571 181.143 2.857c70.286 3.429 132.571 19.429 184 70.857s67.429 113.714 70.857 184c3.429 60.571 2.857 120.571 2.857 181.143z"],"width":877.7142857142857,"attrs":[],"isMulticolor":false,"isMulticolor2":false,"tags":["instagram"],"defaultCode":61805,"grid":14},"attrs":[],"properties":{"name":"instagram","id":329,"order":10,"prevSize":28,"code":61805},"setIdx":1,"setId":2,"iconIdx":328},{"icon":{"paths":["M987.429 510.286c0 5.143-2.286 10.286-5.714 13.714l-219.429 202.286c-5.714 5.143-13.143 6.286-20 3.429-6.286-2.857-10.857-9.143-10.857-16.571v-128h-713.143c-10.286 0-18.286-8-18.286-18.286v-109.714c0-10.286 8-18.286 18.286-18.286h713.143v-128c0-7.429 4-13.714 10.857-16.571s14.286-1.714 20 2.857l219.429 200c3.429 3.429 5.714 8 5.714 13.143v0z"],"width":987.4285714285713,"attrs":[],"isMulticolor":false,"isMulticolor2":false,"tags":["long-arrow-right"],"defaultCode":61816,"grid":14},"attrs":[],"properties":{"name":"long-arrow-right","id":339,"order":6,"prevSize":28,"code":61816},"setIdx":1,"setId":2,"iconIdx":338},{"icon":{"paths":["M1095.429 297.143c8.571 23.429-18.286 78.286-85.714 168-110.857 147.429-122.857 133.714-31.429 218.857 88 81.714 106.286 121.143 109.143 126.286 0 0 36.571 64-40.571 64.571l-146.286 2.286c-31.429 6.286-73.143-22.286-73.143-22.286-54.857-37.714-106.286-135.429-146.286-122.857 0 0-41.143 13.143-40 101.143 0.571 18.857-8.571 29.143-8.571 29.143s-10.286 10.857-30.286 12.571h-65.714c-144.571 9.143-272-124-272-124s-139.429-144-261.714-431.429c-8-18.857 0.571-28 0.571-28s8.571-10.857 32.571-10.857l156.571-1.143c14.857 2.286 25.143 10.286 25.143 10.286s9.143 6.286 13.714 18.286c25.714 64 58.857 122.286 58.857 122.286 57.143 117.714 96 137.714 118.286 125.714 0 0 29.143-17.714 22.857-160-2.286-51.429-16.571-74.857-16.571-74.857-13.143-17.714-37.714-22.857-48.571-24.571-8.571-1.143 5.714-21.714 24.571-30.857 28-13.714 77.714-14.286 136.571-13.714 46.286 0.571 59.429 3.429 77.143 7.429 54.286 13.143 36 63.429 36 184.571 0 38.857-7.429 93.143 20.571 110.857 12 8 41.714 1.143 114.857-123.429 0 0 34.286-59.429 61.143-128.571 4.571-12.571 14.286-17.714 14.286-17.714s9.143-5.143 21.714-3.429l164.571-1.143c49.714-6.286 57.714 16.571 57.714 16.571z"],"width":1118.8662857142856,"attrs":[],"isMulticolor":false,"isMulticolor2":false,"tags":["vk"],"defaultCode":61833,"grid":14},"attrs":[],"properties":{"name":"vk","id":355,"order":7,"prevSize":28,"code":61833},"setIdx":1,"setId":2,"iconIdx":354},{"icon":{"paths":["M480 64c-265.096 0-480 214.904-480 480 0 265.098 214.904 480 480 480 265.098 0 480-214.902 480-480 0-265.096-214.902-480-480-480zM751.59 704c8.58-40.454 13.996-83.392 15.758-128h127.446c-3.336 44.196-13.624 87.114-30.68 128h-112.524zM208.41 384c-8.58 40.454-13.996 83.392-15.758 128h-127.444c3.336-44.194 13.622-87.114 30.678-128h112.524zM686.036 384c9.614 40.962 15.398 83.854 17.28 128h-191.316v-128h174.036zM512 320v-187.338c14.59 4.246 29.044 11.37 43.228 21.37 26.582 18.74 52.012 47.608 73.54 83.486 14.882 24.802 27.752 52.416 38.496 82.484h-155.264zM331.232 237.516c21.528-35.878 46.956-64.748 73.54-83.486 14.182-10 28.638-17.124 43.228-21.37v187.34h-155.264c10.746-30.066 23.616-57.68 38.496-82.484zM448 384v128h-191.314c1.88-44.146 7.666-87.038 17.278-128h174.036zM95.888 704c-17.056-40.886-27.342-83.804-30.678-128h127.444c1.762 44.608 7.178 87.546 15.758 128h-112.524zM256.686 576h191.314v128h-174.036c-9.612-40.96-15.398-83.854-17.278-128zM448 768v187.34c-14.588-4.246-29.044-11.372-43.228-21.37-26.584-18.74-52.014-47.61-73.54-83.486-14.882-24.804-27.75-52.418-38.498-82.484h155.266zM628.768 850.484c-21.528 35.876-46.958 64.746-73.54 83.486-14.184 9.998-28.638 17.124-43.228 21.37v-187.34h155.266c-10.746 30.066-23.616 57.68-38.498 82.484zM512 704v-128h191.314c-1.88 44.146-7.666 87.040-17.28 128h-174.034zM767.348 512c-1.762-44.608-7.178-87.546-15.758-128h112.524c17.056 40.886 27.344 83.806 30.68 128h-127.446zM830.658 320h-95.9c-18.638-58.762-44.376-110.294-75.316-151.428 42.536 20.34 81.058 47.616 114.714 81.272 21.48 21.478 40.362 44.938 56.502 70.156zM185.844 249.844c33.658-33.658 72.18-60.932 114.714-81.272-30.942 41.134-56.676 92.666-75.316 151.428h-95.898c16.138-25.218 35.022-48.678 56.5-70.156zM129.344 768h95.898c18.64 58.762 44.376 110.294 75.318 151.43-42.536-20.34-81.058-47.616-114.714-81.274-21.48-21.478-40.364-44.938-56.502-70.156zM774.156 838.156c-33.656 33.658-72.18 60.934-114.714 81.274 30.942-41.134 56.678-92.668 75.316-151.43h95.9c-16.14 25.218-35.022 48.678-56.502 70.156z"],"tags":["sphere","globe","internet"],"defaultCode":59849,"grid":16,"attrs":[]},"attrs":[],"properties":{"ligatures":"sphere, globe","name":"sphere","order":9,"id":202,"prevSize":32,"code":59849},"setIdx":2,"setId":1,